Module,Coverage,TestCount
"ftp","0.4","1"
"display","0.5555555555555556","2"
"console","0.5384615384615384","3"
"common","0.6666666666666666","1"
"lsprofcalltree","0.16666666666666666","3"
"errors","1.0","1"
"saferef","0.1875","3"
"robustapply","0.17391304347826086","1"
"defaultheaders","0.8333333333333334","3"
"exceptions","1.0","2"
"link","1.0","7"
"conf","0.7241379310344828","9"
"engine","0.875","2"
"python","0.5462962962962963","37"
"gz","0.46153846153846156","4"
"template","0.375","3"
"trackref","0.8","7"
"datatypes","0.9038461538461539","54"
"job","0.2","1"
"httpobj","0.6666666666666666","1"
