Module,Coverage,TestCount
"parse","0.2619047619047619","8"
"literals","0.6785714285714286","11"
"pytree","0.47368421052631576","83"
"token","1.0","50"
