Module,Coverage,TestCount
"aes","0.9423076923076923","24"
"update","0.14444444444444443","7"
"PostProcessor","0.19411764705882353","10"
