{
    "DYNAMOSA != MIO": [
        3336.0,
        0.8370046126828858
    ],
    "DYNAMOSA != RANDOM": [
        461.5,
        1.3711091193636739e-14
    ],
    "DYNAMOSA != WHOLE_SUITE": [
        1634.5,
        1.854662406276327e-08
    ],
    "MIO != RANDOM": [
        422.0,
        2.4355320438197935e-14
    ],
    "MIO != WHOLE_SUITE": [
        1410.5,
        3.5633347904816763e-09
    ],
    "RANDOM != WHOLE_SUITE": [
        3359.0,
        1.379284793250987e-10
    ]
}