{
    "DYNAMOSA != MIO": [
        3360.0,
        0.7786519409800972
    ],
    "DYNAMOSA != RANDOM": [
        2133.0,
        0.969042256790086
    ],
    "DYNAMOSA != WHOLE_SUITE": [
        3452.5,
        0.6549610095174383
    ],
    "MIO != RANDOM": [
        1937.0,
        0.8030046944840068
    ],
    "MIO != WHOLE_SUITE": [
        3130.0,
        0.864278679141552
    ],
    "RANDOM != WHOLE_SUITE": [
        2105.5,
        0.6643306183191022
    ]
}