{
    "DYNAMOSA != MIO": [
        3212.0,
        0.8102084179997353
    ],
    "DYNAMOSA != RANDOM": [
        1738.0,
        0.03204101646912578
    ],
    "DYNAMOSA != WHOLE_SUITE": [
        3029.5,
        0.2717087264482576
    ],
    "MIO != RANDOM": [
        1656.5,
        0.05798570350833234
    ],
    "MIO != WHOLE_SUITE": [
        2872.5,
        0.39744970322862616
    ],
    "RANDOM != WHOLE_SUITE": [
        2208.0,
        0.25969912625015623
    ]
}