{
    "DYNAMOSA != MIO": [
        3260.5,
        0.9597585132557119
    ],
    "DYNAMOSA != RANDOM": [
        2022.5,
        0.588463343532706
    ],
    "DYNAMOSA != WHOLE_SUITE": [
        3120.0,
        0.5107436192221493
    ],
    "MIO != RANDOM": [
        1894.0,
        0.6484110115725013
    ],
    "MIO != WHOLE_SUITE": [
        2907.5,
        0.5425639458992679
    ],
    "RANDOM != WHOLE_SUITE": [
        1982.5,
        0.8804576915382861
    ]
}